frame,type,left,reference,left_label,reference_label,iou
adasind_062370.jpg,mismatching_attributes,1,1,ThreeWheeler,ThreeWheeler,0.935
adasind_062370.jpg,extra_annotation,6,,Car,,N/A
adasind_062370.jpg,missing_annotation,,7,,ThreeWheeler,N/A
adasind_062370.jpg,missing_annotation,,8,,Truck,N/A
adasind_086220.jpg,extra_annotation,1,,Car,,N/A
adasind_086220.jpg,extra_annotation,4,,Car,,N/A
adasind_086220.jpg,extra_annotation,5,,Car,,N/A
adasind_086220.jpg,extra_annotation,7,,Car,,N/A
adasind_086220.jpg,extra_annotation,9,,Bike,,N/A
adasind_086220.jpg,missing_annotation,,4,,Bike,N/A
adasind_117120.jpg,extra_annotation,2,,Car,,N/A
adasind_117120.jpg,extra_annotation,4,,Bus,,N/A
adasind_117120.jpg,extra_annotation,6,,ThreeWheeler,,N/A
adasind_117120.jpg,extra_annotation,7,,ThreeWheeler,,N/A
